,0,1,2,3,4,5
0,1973,東証1部,ＮＥＣネッツエスアイ(株),ＮＥＣの工事部門が独立。一般企業・通信会社向けにシステム構築やクラウド提供。通信工事も,11:30,"1,838"
1,2138,東証JQS,クルーズ(株),低価格帯ブランドが強みの衣料品ＥＣ「ＳＨＯＰＬＩＳＴ」が収益柱。ゲーム部門を大幅に縮小,11:29,"1,010"
2,2303,東証JQS,(株)ドーン,地理情報システム（ＧＩＳ）の開発・販売と防災分野を中心としたクラウドサービスが主力,11:27,"2,131"
3,2307,東証1部,(株)クロスキャット,ソフトウェア開発軸の中堅ＳＩ。クレジット向けシステム強み。Ｍ＆Ａで製造系、西日本へ展開,11:29,"1,644"
4,2315,東証JQS,(株)ＣＡＩＣＡ　ＤＩＧＩＴＡＬ,銀行や保険、暗号資産取引所など金融向け柱のＳＩ。子会社にｅワラント証券。フィスコと親密,11:30,170
5,2317,東証1部,(株)システナ,ソフト開発支援が主。端末向けから車載向け等にシフト加速。運用・保守も。配当性向４０％メド,11:30,463
6,2321,東証JQG,(株)ソフトフロントホールディングス,ＩＰ電話など通信事業者向けソフト開発。買収「筆まめ」や美容サロン１７年手放し、先祖返り,11:29,103
7,2323,東証JQS,(株)ｆｏｎｆｕｎ,スマホでＰＣメール利用可能な法人向けリモートメールが主。ＳＭＳ使う販促ツールが拡大中,10:15,306
8,2326,東証1部,デジタルアーツ(株),ネットセキュリティ専業。安全サイトのみ接続できるフィルタ技術に強み。コンサル事業育成,11:30,"9,200"
9,2327,東証1部,日鉄ソリューションズ(株),日本製鉄系ＳＩで、同社依存度は約２０％。製造、流通、金融系システム構築に強み。配当性向３０％,11:30,"3,650"
10,2329,東証JQS,(株)東北新社,ＣＭ制作や外国映画の日本語版制作で首位級。衛星放送のチャンネル運営、映画の制作・配給も,11:12,656
11,2330,東証JQS,(株)フォーサイド,アミューズメント機器向け景品製販が主。家賃保証、金融仲介、ティーンズ雑誌など経営多角化,11:29,110
12,2332,東証JQS,(株)クエスト,ソフト開発とシステム運用が両輪。半導体、製造、通信に強い。キオクシアが有力顧客の１つ,11:19,"1,389"
13,2335,東証1部,(株)キューブシステム,金融、流通、通信向けのシステム構築が主力。プロジェクト管理能力に定評。研修制度充実,10:59,972
14,2338,東証2部,クオンタムソリューションズ(株),携帯システム構築祖業。フィンテック撤退、５Ｇ・ＡＩ関連に活路。都内軸にまつげサロン運営,11:15,818
15,2345,東証2部,(株)クシム,学習管理システム、ｅラーニングシステム開発。ブロックチェーンも手がける。旧アイスタディ,11:28,343
16,2349,東証JQS,(株)エヌアイデイ,独立系ＳＩ。システム開発から保守・運用まで一貫体制。組み込み開発に強み。安定顧客多い,10:41,"1,501"
17,2351,マザーズ,(株)ＡＳＪ,サーバーホスティング業界中堅。ネット予約・決済等に進出。商工会議所に顧客基盤。Ｍ＆Ａ注力,11:04,672
18,2352,東証1部,(株)ＷＯＷ　ＷＯＲＬＤ,メールを利用したクラウド型販売支援ソフトの開発・販売が柱。最高レベルの配信速度が強み,11:26,"1,460"
19,2354,東証2部,(株)ＹＥ　ＤＩＧＩＴＡＬ,安川電機の持分法適用会社。システム構築と組み込みソフト開発が主力。ＩｏＴ分野を強化中,11:27,523
20,2359,東証1部,(株)コア,独立系ＳＩ。車載やスマートデバイス向け組み込みソフトが主力。金融向けシステム等も強い,11:06,"1,632"
21,2411,東証JQS,ゲンダイエージェンシー(株),パチンコ店の広告取り扱い専業１位、チラシなど紙媒体からネット活用拡大へ。他業種向けも,11:25,333
22,2480,東証JQS,システム・ロケーション(株),自動車金融・販売の支援システムが柱。中古車のビッグデータ収集と分析に強みを持つ,12/09,"1,659"
23,2484,東証JQS,(株)出前館,出前仲介サイト「出前館」を運営。配達代行業務、飲食店向け酒類通販も展開。ＺＨＤ傘下,11:30,739
24,3031,東証1部,(株)ラクーンホールディングス,衣料・雑貨の企業間電子商取引「スーパーデリバリー」運営。掛け売り決済代行、売掛債権保証も,11:30,"1,387"
25,3040,東証1部,(株)ソリトンシステムズ,セキュリティ対策ソフトとシステム構築が柱。映像伝送や人感センサーなど育成。技術力定評,11:30,"1,368"
26,3042,東証JQG,(株)セキュアヴェイル,情報セキュリティ構築やログ（使用履歴）分析サービスに特化。２４時間有人対応監視に特色,11:23,256
27,3371,東証1部,(株)ソフトクリエイトホールディングス,ｅコマースサイト構築エンジン「ｅｃｂｅｉｎｇ」の提供から、ＳＩ・ＰＣ販売まで幅広く展開,11:29,"4,510"
28,3622,マザーズ,ネットイヤーグループ(株),顧客体験を重視したネットマーケティング支援に特徴。ＴＯＢでＮＴＴデータのグループに,11:26,597
29,3623,マザーズ,ビリングシステム(株),インターネット決済サービスの収納代行、クイック入金が柱。中国「微信」決済分野も強化中,11:27,"1,035"
30,3624,マザーズ,アクセルマーク(株),スマホ向けゲーム開発、配信。自社オリジナルの企画開発に強み。モバイル広告事業も展開,11:28,478
31,3625,東証JQG,テックファームホールディングス(株),アプリや各種システムの受託開発を展開。５ＧやＡＩ関連の開発も。農水産物の輸出事業も育成,11:30,590
32,3626,東証1部,ＴＩＳ(株),独立系ＳＩ大手。クレジットカードなど決済向け強い。傘下に旧コマツ・旭化成系システム会社,11:30,"3,500"
33,3627,東証1部,ＪＮＳホールディングス(株),受託開発はＡＩ・ＩｏＴ分野の開発に強み。中国でデバイス事業展開。キッズ向けコンテンツも,11:17,500
34,3628,マザーズ,(株)データホライゾン,保険者向けのジェネリック医薬品通知サービスが柱。加入者の健康推進目的の保健事業支援も,11:25,"2,033"
35,3632,東証1部,グリー(株),携帯ゲームＳＮＳ「ＧＲＥＥ」運営から、スマホゲームが主軸に。Ｖチューバー事業にも力点,11:30,786
36,3633,東証1部,ＧＭＯペパボ(株),ＧＭＯ傘下。柱のレンタルサーバーに加えハンドメイド品フリマアプリなどＥＣ関連急成長中,11:30,"2,541"
37,3634,東証2部,(株)ソケッツ,音楽、動画配信サービス向けに感性データに基づくレコメンド等の機能提供。消費財分野強化中,10:24,751
38,3635,東証1部,(株)コーエーテクモホールディングス,ゲームソフト中堅のコーエーとテクモが０９年経営統合。オンラインゲーム含め海外展開強化へ,11:30,"4,820"
39,3636,東証1部,(株)三菱総合研究所,コンサルとＩＴサービスの２本柱。コンサルでは理系の研究者多数抱える。官公庁や金融に強み,11:30,"3,895"
40,3639,東証1部,(株)ボルテージ,恋愛シミュレーションゲーム先駆。携帯公式サイト向けやスマホ向けに配信。顧客は女性が中心,11:30,372
41,3640,東証1部,(株)電算,信越地盤の情報処理・システム開発中堅。首都圏へも展開。市役所など地方自治体向けに強み,09:28,"2,354"
42,3641,東証JQS,(株)パピレス,９５年富士通の社外ベンチャーとして設立。電子書籍のレンタルサイト「Ｒｅｎｔａ！」を運営,11:30,"1,184"
43,3645,マザーズ,(株)メディカルネット,インプラント、矯正など自由診療歯科向けサイト運営。Ｗｅｂマーケなど歯科経営支援も育成,11:30,495
44,3646,マザーズ,(株)駅探,経路検索サービス「駅探」運営。モバイル経由の個人課金、法人向けライセンス販売、広告を展開,11:03,450
45,3647,東証2部,(株)ジー・スリーホールディングス,太陽光発電所関連事業を展開。発電所の取得・売却、周辺機器販売、自社運営発電所の売電が主,11:27,358
46,3648,東証1部,ＡＧＳ(株),独立系情報システム会社。データセンター運用、ソフト開発が柱。年商１割超がりそなＨＤ向け,11:05,868
47,3649,東証1部,(株)ファインデックス,大学病院など大病院に医療用データ管理システムを提供。一般産業向けに文書管理システムも,11:30,"1,088"
48,3652,マザーズ,(株)ディジタルメディアプロフェッショナル,研究開発型ファブレス半導体企業。描画向け回路設計の使用許諾から、ＡＩ関連に軸足移行,11:18,"1,661"
49,3653,マザーズ,(株)モルフォ,手ぶれ補正などスマホ用画像・動画処理ソフトのロイヤルティが柱。ディープラーニング関連も,11:10,"1,203"
50,3655,東証1部,(株)ブレインパッド,ＡＩ活用した企業データ分析コンサルが主。売上高が人員数に比例。関連ソフト開発や販売も,11:24,"5,070"
51,3656,東証1部,ＫＬａｂ(株),スマホ向けゲームを開発・運営。アニメやマンガなど有力ＩＰの実績豊富。海外展開を強化中,11:30,531
52,3657,東証1部,ポールトゥウィン・ピットクルーホールディングス(株),ゲームなどのデバッグ（不具合検出、調整）・検証、ネット監視が主力、海外主要国に拠点,11:29,945
53,3658,東証1部,(株)イーブックイニシアティブジャパン,コミック中心の電子書籍販売が柱。紙書籍のＥＣも展開。ヤフーと集客、販促、技術開発等で連携,11:21,"4,720"
54,3659,東証1部,(株)ネクソン,韓国発祥、ＰＣ向けオンラインゲーム先駆、００年に日本進出。中国、韓国経由の売上が過半,11:30,"2,226"
55,3660,東証1部,(株)アイスタイル,２０〜３０代女性向け美容関連情報サイト「アットコスメ」運営、広告販売軸。国内外で小売り事業も,11:30,287
56,3661,東証1部,(株)エムアップホールディングス,社長がレコード会社出身のＩＴベンチャー。歌手等のファンサイト運営が柱。ＥＭＴＧ子会社化,11:29,"4,280"
57,3662,東証1部,(株)エイチーム,スマホゲームと比較情報サイト運営の２本柱。自転車ＥＣやプログラマー向けサイトも展開,11:30,"1,037"
58,3663,東証2部,アートスパークホールディングス(株),車載向けソフトは競合の欧州カンデラ社を１９年４月買収。イラスト制作ソフト販売が主軸に,11:30,907
59,3664,マザーズ,(株)モブキャストホールディングス,スマホゲームと栗原はるみの雑貨販売、企画制作が軸。２０年持分化のカーレースのトムスは売却,11:30,72
60,3665,東証1部,(株)エニグモ,服飾中心のソーシャル通販サービス「バイマ」運営。売り手、買い手双方からの手数料が利益源,11:30,"1,062"
61,3666,東証1部,(株)テクノスジャパン,ＳＡＰ中心にＥＲＰ導入を支援するＩＴコンサル。顧客管理システム（ＣＲＭ）が第２の柱に,11:27,507
62,3667,東証1部,(株)ｅｎｉｓｈ,スマホやソーシャルアプリ向けゲームを開発・運営。非ゲーム事業は譲渡しゲームに特化,11:21,372
63,3668,東証1部,(株)コロプラ,従来型携帯向け位置情報ゲームから出発。１１年にスマホゲームへ参入。ＶＲなど新分野を育成,11:30,676
64,3670,東証JQS,協立情報通信(株),通信交換機やサーバー、基幹業務ソフトの導入や運用提案する事業拡大中。ドコモ販売店経営も,10:54,"1,647"
65,3671,マザーズ,ソフトマックス(株),Ｗｅｂ型電子カルテを主力とした総合医療情報システムを開発。九州地盤、東日本を重点開拓,11:29,840
66,3672,東証1部,(株)オルトプラス,女性向けやスポーツ関連のアプリゲームを展開。開発は他社協業が軸。開発人材の派遣も,11:29,336
67,3673,東証1部,(株)ブロードリーフ,整備、部品商など自動車アフター市場向け業務アプリで高シェア。部品流通ネットワーク運営,11:30,489
68,3674,マザーズ,(株)オークファン,オークション等の情報分析サービスから出発。商品在庫管理や再流通ＥＣのサービスが成長,11:12,585
69,3675,東証1部,(株)クロス・マーケティンググループ,リサーチからＤＸやデジタルマーケティングへ事業の主軸が移行・拡大。世界市場へ事業展開,11:30,"1,067"
70,3676,東証1部,(株)デジタルハーツホールディングス,据え置き機、モバイル向けゲームソフトの不具合検出（デバッグ）が主力。非ゲーム分野を開拓中,11:30,"2,547"
71,3677,東証1部,(株)システム情報,独立系ＳＩ。国際資格ＰＭＰとＣＭＭＩレベル５のプロジェクト管理に強み。配当性向３５％目安,11:30,879
72,3678,東証1部,(株)メディアドゥ,電子書籍取次で国内首位。コミック軸に独自の配信・ストア運営システムに強み。海外事業育成,11:27,"4,665"
73,3679,東証1部,(株)じげん,求人や不動産情報を一括検索する集約サイト展開。成果報酬型の課金に強み。Ｍ＆Ａ積極的,11:18,311
74,3680,マザーズ,(株)ホットリンク,データ解析でのＳＮＳマーケティング支援が柱。ビッグデータ販売と中国市場向け販促支援も,11:30,863
75,3681,東証1部,(株)ブイキューブ,Ｗｅｂ会議などコミュニケーションサービス提供。遠隔医療やネットでのセミナー開催支援も,11:29,"1,082"
76,3682,東証1部,エンカレッジ・テクノロジ(株),内部統制に役立つシステム証跡管理ソフトと保守サービスが両輪。顧客は金融など大手多い,11:17,625
77,3683,東証1部,(株)サイバーリンクス,食品流通・公共向けシステムをクラウド提供。和歌山地盤に全国展開。ドコモ販売も収益の柱,11:20,"1,097"
78,3686,東証1部,(株)ディー・エル・イー,「秘密結社鷹の爪」等ＩＰ（著作権）ビジネス展開。不適切会計で出直し、朝日放送グループ傘下,11:30,283
79,3687,東証1部,(株)フィックスターズ,ソフトウェアの高速化技術に強み、受託が大半。ＡＩコードレビューソフト育成。配当性向３０％,11:28,906
80,3688,東証1部,(株)ＣＡＲＴＡ　ＨＯＬＤＩＮＧＳ,ネット広告専業。１９年初サイバー・コミュニケーションズ（ＣＣＩ）と統合、電通グループ傘下に,11:30,"2,134"
81,3690,マザーズ,(株)イルグルム,ネット広告の効果測定サービスをクラウドで提供。ＥＣサイト構築関連も。海外展開を模索,10:26,"1,107"
82,3691,マザーズ,(株)リアルワールド,Ｗｅｂメディア買収と立ち上げで事業拡大中、広告収入が柱。ポイント付与サイトは売却,09:39,968
83,3692,マザーズ,(株)ＦＦＲＩセキュリティ,独立系のサイバーセキュリティ会社。標的型攻撃を防ぐ「ヤライ」など自社開発技術に強み,11:30,"1,413"
84,3694,東証1部,(株)オプティム,スマホなど端末の一括管理サービスをクラウドで提供。遠隔サポートも展開。保有特許豊富,11:30,"1,398"
85,3695,マザーズ,ＧＭＯリサーチ(株),ＧＭＯ傘下、マーケティング調査プラットフォームを提供、アジアに調査回答網の整備で先行,10:51,"2,469"
86,3696,東証1部,(株)セレス,ポイントサイト「モッピー」やアフィリエイト運営、広告が収益源。持分会社に暗号資産交換所,11:30,"2,486"
87,3697,東証1部,(株)ＳＨＩＦＴ,ソフトウェアテスト事業が主力。ソフトウェアの品質保証も行い、関連のコンサルや研修も,11:30,"23,850"
88,3698,マザーズ,(株)ＣＲＩ・ミドルウェア,音声・映像関連の開発用ソフトウェアが主力。海外や動画配信・広告など新分野開拓に注力中,11:30,"1,264"
89,3710,東証JQS,ジョルダン(株),目的地までの経路探索ソフト「乗換案内」の開発販売が主軸。旅行販売や出版事業にも展開,11:10,742
90,3712,東証2部,(株)情報企画,信金など金融機関対象の業務支援パッケージを開発、販売。事業会社向けにも進出意欲が強い,09:00,"2,948"
91,3719,東証JQS,(株)ジェクシード,ＥＲＰコンサル。ＲＰＡ・教育事業強化し再建中。新興企業投資開始。筆頭株主は香港投資会社,11:30,140
92,3723,マザーズ,日本ファルコム(株),プレステ用ゲームソフトの企画・開発主力、ロールプレイング系得意。アプリ等のライセンスも,11:21,"1,375"
93,3727,マザーズ,(株)アプリックス,祖業のソフト基盤技術から撤退。ＩｏＴに資源集中し再建中。ＭＶＮＯ事業に１９年秋から進出,11:30,149
94,3733,東証JQS,(株)ソフトウェア・サービス,病院向けに情報伝達システム、電子カルテを開発。ハードウェアの販売から保守サービスも,11:30,"6,420"
95,3738,東証1部,(株)ティーガイア,携帯販売代理店最大手。０８年に商社系大手２社が合併。光回線販売や国内外で決済サービスも,11:30,"1,615"
96,3739,名古屋セ,コムシード(株),韓国サイカンＨＤ傘下。パチンコ関連の携帯電話コンテンツやゲームなどモバイル事業に特化,11:25,372
97,3741,東証1部,(株)セック,リアルタイムソフトウェア技術に強み。モバイル端末向けや防衛分野、ロボットで開発受託,10:45,"2,287"
98,3744,東証2部,サイオス(株),オープンソースやクラウド製品を開発・販売。システム障害回避ソフトが柱。ＡＩ開発に意欲,11:30,568
99,3747,東証2部,(株)インタートレード,証券ディーリングやＦＸ取引システムの開発・保守が主力。一般法人向けシステムへも進出,11:30,533
100,3750,東証2部,ＦＲＡＣＴＡＬＥ(株),収益不動産保有や不動産売買を柱に、買収でホテルビジネスと再生医療へも展開。ファンド傘下,10:45,"1,424"
101,3753,東証2部,(株)フライトホールディングス,ＩＴコンサル・開発を手がける。モバイル型電子決済端末や決済アプリサービスなどを展開,11:15,421
102,3758,東証JQS,(株)アエリア,スマホ向けゲームを展開。データセンター事業やアフィリエイト広告も。民泊等不動産にも進出,11:29,417
103,3760,東証JQS,(株)ケイブ,ソーシャルゲームを柱にＰＣオンライン・家庭用ゲームも展開。ライブ配信サービスにも進出,11:23,"1,076"
104,3762,東証1部,テクマトリックス(株),情報インフラ構築とアプリ開発が主柱。医療、コールセンターなどクラウドに実績を持つ,11:30,"1,991"
105,3763,東証1部,(株)プロシップ,会計パッケージがメイン、特に固定資産管理、リース資産の管理などに強み。独立系。好財務,11:03,"1,547"
106,3765,東証1部,ガンホー・オンライン・エンターテイメント(株),スマホゲーム「パズル＆ドラゴンズ」が収益柱、ＰＣオンラインゲーム、家庭用ゲームも展開,11:30,"2,875"
107,3766,東証JQS,システムズ・デザイン(株),ＳＩとデータ入力が柱。物流ＳＩなどＭ＆Ａ展開中。会計ソフトのＰＣＡ創業者一族が筆頭株主,09:00,625
108,3768,東証2部,リスクモンスター(株),東京商工リサーチの情報活用しネットで審査、与信管理サービス提供。教育やＢＰＯ事業も,11:30,642
109,3769,東証1部,ＧＭＯペイメントゲートウェイ(株),消費者向けＥＣ（電子商取引）業者に決済処理サービス提供。ＧＭＯ子会社。「後払い」を強化,11:30,"14,890"
110,3770,東証1部,(株)ザッパラス,モバイル端末向け占いコンテンツ配信が核。２０〜４０歳女性が主顧客。占い事業に経営資源集中,11:29,585
111,3771,東証1部,(株)システムリサーチ,独立系ＳＩ。製造業を中心に企業向け情報システム構築と保守・運用。トヨタＧ向けが４割弱,09:37,"1,985"
112,3773,マザーズ,(株)アドバンスト・メディア,音声を文字変換する独自技術核にした各種業務用ソフト開発が柱。文字起こしサービスに参入,11:24,674
113,3774,東証1部,(株)インターネットイニシアティブ,ネット接続の草分け。法人向けシステム構築、クラウド、セキュリティに強い。ＭＶＮＯ大手,11:30,"4,780"
114,3775,名古屋セ,(株)ガイアックス,Ｗｅｂマーケティング支援と運用代行が柱。シェアリングエコノミーの投資事業や起業支援も,10:49,555
115,3776,東証JQS,(株)ブロードバンドタワー,都市型データセンター（ＤＣ）運用。東京・大手町に５Ｇ対応ＤＣ稼働。ＩｏＴ・ＡＩ関連も強化,11:30,202
116,3777,東証JQG,(株)ＦＨＴホールディングス,ＬｉｎｕｘＯＳなどのＩＴ関連、ビルメンテを展開。太陽光発電所の開発、運営なども手がける,11:30,22
117,3778,東証1部,さくらインターネット(株),データセンター運営の独立系大手。ＩＴ企業や官公庁向けに実績。クラウドサービス主軸へ移行,11:20,565
118,3779,東証JQS,ジェイ・エスコム　ホールディングス(株),傘下に理美容業向け商材販売、広告代理、教育コンサル。テレビ通販など個人向け市場へも進出,11:30,103
119,3782,マザーズ,(株)ディー・ディー・エス,指紋など生体認証ソフト・装置開発。ＦＩＤＯ（パスワードレス認証標準化技術）の普及推進,11:30,142
120,3784,東証1部,(株)ヴィンクス,小売り・流通向けソフトを開発。イオン関連取引が柱。同じ富士ソフト傘下企業と１３年に合併,11:30,848
121,3787,東証2部,(株)テクノマセマティカル,独自圧縮技術による画像、音声処理ソフトとハード開発、ライセンス。売上は主に９月・３月集中,09:44,638
122,3788,東証1部,ＧＭＯグローバルサイン・ホールディングス(株),ＧＭＯ傘下。独自の認証局強みにクラウド・セキュリティ事業を展開。電子印鑑サービス育成中,11:30,"4,395"
123,3791,東証JQS,(株)ＩＧポート,映画、テレビ、配信等向けアニメ制作と版権収入が主柱。子会社にコミック専門出版社も,11:03,"1,704"
124,3793,マザーズ,(株)ドリコム,ブログ開発発祥。アニメ、マンガなど有力ＩＰのスマホゲーム開発・運用で先駆。他社配信主体,11:30,523
125,3796,東証2部,(株)いい生活,賃貸物件を中心に、不動産業界に特化した業務支援システムをクラウド・ＳａａＳなどで提供,11:30,407
126,3798,東証JQS,ＵＬＳグループ(株),ＩＴシステムのコンサル、設計、構築担う。流通、製造、情報サービス向けに強み。ＳＩ企業と合併,11:30,"4,970"
127,3799,東証2部,キーウェアソリューションズ(株),総合システムサービス。ＮＥＣと密接。インフラ関連のシステム開発・構築、運用保守。ＥＲＰも,10:37,614
128,3800,東証JQS,(株)ユニリタ,独立系ソフト開発会社。メインフレームからオープン系までカバー。１５年にビーコンＩＴと合併,10:25,"1,842"
129,3802,東証JQS,(株)エコミック,キャリアバンク子会社。給与計算受託。道外企業からの受注が主。札幌と中国・青島現法で処理,11:19,474
130,3803,東証JQG,イメージ情報開発(株),イメージデータ処理で出発。柱はシステム開発。純粋持株会社化で多角的事業展開、他社連携も,11:10,484
131,3804,東証JQS,(株)システム　ディ,特定業種特化のソフトを開発販売。大学用と健康クラブ用の管理ソフトが２本柱。自治体開拓中,11:19,"1,373"
132,3807,東証JQG,(株)フィスコ,金融・経済情報が柱。上場企業のＩＲ支援も。暗号資産も展開。ネクス、ＣＡＩＣＡ、クシムと親密,11:28,195
133,3808,名古屋セ,(株)オウケイウェイヴ,Ｑ＆Ａサイト運営。法人や自治体向けに関連サービスも提供。海外でブロックチェーン技術開発,10:32,370
134,3810,東証2部,サイバーステップ(株),ＰＣオンラインゲーム大手。クレーンゲームなど自社サイト運営による課金収入が収益柱,11:20,430
135,3814,東証JQG,(株)アルファクス・フード・システム,外食向けＡＳＰサービス展開。ＰＯＳ、注文装置などのシステム機器も。大手チェーンが主顧客,11:28,670
136,3815,マザーズ,(株)メディア工房,携帯やＰＣ向け占いコンテンツ配信主力。ゲームソフトは自社開発撤退で再構築。ＶＲ事業狙う,11:14,325
137,3816,東証JQS,(株)大和コンピューター,基幹系業務ソフトの開発会社。大塚商会とＳＣＳＫが有力顧客。クラウド強化。ｉ農業育成中,11:08,"1,089"
138,3817,東証1部,(株)ＳＲＡホールディングス,独立系のシステム開発一括受託会社。Ｌｉｎｕｘ等オープンソース系に強い。海外展開積極化,11:20,"2,881"
139,3823,東証2部,(株)アクロディア,野球ボールやインターホンなどＩｏＴ分野に注力。飲食事業や新型コロナ対策システムも展開,11:28,164
140,3824,福岡Q,メディアファイブ(株),コンピュータ会社に自社で育成したＳＥ等を派遣し業務支援。ソフト受託開発も。福岡地盤,12/09,661
141,3825,東証2部,(株)リミックスポイント,暗号資産交換所「ビットポイント」を運営。電力小売り、中古車売買、ホテルの企画開発も展開,11:30,233
142,3826,東証1部,(株)システムインテグレータ,独立系ソフトハウス。ＥＲＰの請負開発とＷｅｂ関連中心のパッケージソフト販売・保守が両輪,11:21,563
143,3830,名古屋セ,(株)ギガプライズ,フリービット傘下。マンションなど集合住宅向けのネット接続サービスが柱。新築物件に強い,10:56,"1,088"
144,3834,東証1部,(株)朝日ネット,独立系のネット接続サービス（ＩＳＰ）大手。「ＡＳＡＨＩネット」運営。大学向け教育支援事業も,11:29,616
145,3835,東証1部,ｅＢＡＳＥ(株),商品情報管理ソフト「ｅＢＡＳＥ」を開発、販売。食品業界間でのトレーサビリティ用途が主軸,11:10,639
146,3836,東証1部,(株)アバント,連結経営・会計システムのパッケージソフト開発、ライセンス販売、導入サービスなど展開,11:25,"1,300"
147,3837,東証1部,アドソル日進(株),大企業向け大規模システムの開発に強み持つ。技術水準に定評。ソリューション提案を強化,11:29,"1,779"
148,3839,東証1部,(株)ＯＤＫソリューションズ,システム開発・運用会社。入試関連支援業務が主力。利益は下期集中。学研ＨＤが筆頭株主に,11:16,669
149,3840,東証2部,パス(株),経営陣刷新し自社ブランド化粧品を軸とした通販事業に専念。微細藻由来の原料素材で差別化,10:05,75
150,3841,東証JQS,(株)ジーダット,ＬＳＩや液晶パネル設計用の電子系ＣＡＤソフト（ＥＤＡ）を開発・販売。海外提携に積極的,11:25,"1,417"
151,3842,東証JQG,(株)ネクストジェン,次世代通信網（ＮＧＮ）の制御システム開発会社。ＳＩＰ（通話制御プロトコル）の先駆的存在,10:56,813
152,3843,東証1部,フリービット(株),ネット接続業者向けインフラ提供サービス展開。独自スマホはＣＣＣと提携解消し単独事業に,11:30,"1,183"
153,3844,東証1部,コムチュア(株),クラウドが主力の独立系ＳＩ。ＡＩ・ＲＰＡに強みを持つ。ネット運用も。コンサル強化中,11:25,"3,540"
154,3845,東証JQS,(株)アイフリークモバイル,携帯向け情報配信が主、メール装飾画像、ＬＩＮＥスタンプも。１５年７月、事業会社に先祖返り,11:30,225
155,3847,東証JQS,パシフィックシステム(株),太平洋セメント系の情報サービス業。画像処理に強み。親会社向け販売３割で、顧客開拓が課題,10:54,"2,947"
156,3848,東証JQS,(株)データ・アプリケーション,企業間電子商取引などＥＤＩ（電子データ交換）ソフトが主力。ＳＩなど代理店経由の受注中心,10:08,"1,705"
157,3849,札幌ア,日本テクノ・ラボ(株),産業用特殊プリンタに特化した制御システムソフト開発・販売が柱。セキュリティ関連強化,12/02,"1,510"
158,3850,東証2部,(株)ＮＴＴデータイントラマート,ＮＴＴデータの社内ベンチャー発祥。Ｗｅｂシステム基盤構築のためのソフト開発・販売が主,09:22,"2,440"
159,3851,東証JQS,(株)日本一ソフトウェア,ゲームソフトメーカー。ＰＳ４、Ｓｗｉｔｃｈ用が柱。ＲＰＧ「ディスガイア」シリーズなど,11:30,"1,684"
160,3852,東証1部,サイバーコム(株),富士ソフトの子会社。通信分野を中心としたソフトウェア開発が主力。自社プロダクトも提供,11:23,"1,149"
161,3853,東証1部,アステリア(株),ブロックチェーン、ＡＩ等先進技術有するソフト開発メーカー。データ連携ツールはシェア首位,11:30,812
162,3854,東証1部,(株)アイル,中堅・中小企業向け販売在庫管理システムを開発。実店舗とネットショップの統合管理に展開,11:30,"1,585"
163,3857,東証JQS,(株)ラック,情報セキュリティ技術に強い。１４年ＫＤＤＩと資本提携、戦略立案人材も招聘し関係一段強化,11:29,693
164,3858,東証JQS,(株)ユビキタスＡＩコーポレーション,自社開発製品を中心に海外製品も扱う組み込みソフト会社。ＩｏＴ関連ソリューションを展開,11:30,530
165,3900,マザーズ,(株)クラウドワークス,国内最大級のクラウドソーシング会社。ネット上の人材マッチング事業と大企業向け事業が柱,11:30,"1,217"
166,3901,東証1部,マークラインズ(株),自動車業界特化のＷｅｂ情報サービスを国内外で展開。部品調達代行やコンサル、人材紹介も,11:30,"2,890"
167,3902,東証1部,メディカル・データ・ビジョン(株),医療機関、製薬向けに医療・医薬品データのネットワーク化と利活用の両サービスを提供,11:30,"1,266"
168,3903,東証1部,(株)ｇｕｍｉ,ソーシャルゲームからスマホアプリへシフト。海外展開も。ＶＲやブロックチェーンにも注力,11:30,745
169,3904,マザーズ,(株)カヤック,ネット広告などの受託制作、ソーシャルゲームが主力。ゲームコミュニティ「Ｌｏｂｉ」も運営,11:29,704
170,3905,マザーズ,データセクション(株),ＳＮＳ分析とコンサルティング、システム開発が主力。ＡＩとビッグデータ活用事業を育成中,10:56,365
171,3906,マザーズ,(株)ＡＬＢＥＲＴ,ＳＢＩ系の持分法適用会社。ＡＩ技術用いたビッグデータ分析主体。内製のアルゴリズムに強み,11:30,"4,415"
172,3907,マザーズ,シリコンスタジオ(株),３ＤＣＧ技術基盤のゲーム用ミドルウェア主力。自社ゲーム開発撤退。開発受託、人材派遣特化,11:29,962
173,3908,マザーズ,(株)コラボス,コールセンター向けクラウドシステム「エニプレイス」が柱、初期導入費用と運用課金が収益源,09:04,457
174,3909,東証1部,(株)ショーケース,Ｗｅｂサイト最適化技術により成約率高める「ナビキャスト」が主力。日米などで特許取得,11:28,531
175,3910,東証JQS,(株)エムケイシステム,社会保険労務士事務所等向け保険申請システム開発・販売。子会社で総務系業務システム提供,11:23,439
176,3911,マザーズ,(株)Ａｉｍｉｎｇ,スマホゲーム配信・制作。多人数同時型に強み。「剣と魔法のログレス」「ＤＱタクト」等運営,11:29,284
177,3912,東証1部,(株)モバイルファクトリー,スマホ向けなどのソーシャルゲームや着メロの開発・配信会社。位置情報連動型ゲームに注力,11:28,931
178,3913,マザーズ,(株)ｓＭｅｄｉｏ,ＰＣや家電組み込みなどネット接続関連のソフトが柱。受託開発に加えライセンス収入を拡大,09:38,751
179,3914,マザーズ,ＪＩＧ−ＳＡＷ(株),主力はサーバーなどの自動監視システム。ＩｏＴエンジンが国内外有力企業に採用され急成長,11:30,"6,450"
180,3915,東証1部,(株)テラスカイ,米セールスフォース（ＳＦ）とＡＷＳのクラウドシステム導入・開発を展開。大企業向け強い,11:30,"2,010"
181,3916,東証1部,デジタル・インフォメーション・テクノロジー(株),独立系情報サービス会社。ソフトウェア開発の比重が９割超。金融、通信などに顧客企業多い,11:30,"1,390"
182,3917,マザーズ,(株)アイリッジ,集客、販促のアプリ開発・施策展開。デジタルガレージと協業のマーケ企業を１８年８月連結化,11:30,780
183,3918,東証1部,ＰＣＩホールディングス(株),自動車、家電などの組み込みソフト開発が主力。業務ソフトやＩｏＴ、半導体の開発も手がける,11:18,"1,180"
184,3919,東証1部,パイプドＨＤ(株),クラウド活用のデータ管理プラットフォーム「スパイラル」が柱。月額サービス料が売上の大半,11:30,"2,510"
185,3920,東証1部,アイビーシー(株),ＩＣＴインフラ性能監視のパイオニア。分析サービス、プロダクト販売・導入、コンサルの３本柱,11:30,728
186,3921,東証1部,(株)ネオジャパン,グループウェア大手。クラウドサービスとパッケージ販売が２本柱。システム開発・保守も行う,11:30,"1,292"
187,3922,東証1部,(株)ＰＲ　ＴＩＭＥＳ,プレスリリース配信サイト「ＰＲＴＩＭＥＳ」を運営。原稿制作など関連サービス手がける,11:28,"3,305"
188,3923,東証1部,(株)ラクス,クラウドとＩＴ人材派遣の２本柱。「メールディーラー」と「楽楽精算」が利益成長を牽引,11:30,"3,055"
189,3924,東証1部,(株)ランドコンピュータ,コンサルからシステム導入、保守管理まで行う独立系ＳＩ。金融系に強み。富士通が主顧客,10:39,830
190,3925,東証1部,(株)ダブルスタンダード,ビッグデータの企業向け分析受託と活用サービス開発が２本柱。ＳＢＩグループが第２位株主,11:30,"3,125"
191,3926,東証1部,(株)オープンドア,格安旅行商品等を網羅した比較サイト「トラベルコ」が柱。若い女性利用多い。伝統工芸品紹介も,11:30,"2,037"
192,3927,マザーズ,(株)フーバーブレイン,情報セキュリティサービスの開発・販売企業。ウイルス対策とＰＣ業務管理に保守も手がける,11:28,890
193,3928,東証1部,(株)マイネット,事業者から買収や協業で取得したスマホゲームを再生・運営。相互送客ネットワークも展開,11:28,607
194,3929,マザーズ,ソーシャルワイヤー(株),プレスリリースの配信代行とレンタルオフィスの２本柱。物件貸出はアジア４カ国でも展開,11:03,557
195,3930,マザーズ,(株)はてな,運営する「はてなブログ」で広告獲得。企業サイト向けシステム、コンテンツ提供が利益支える,11:21,"1,264"
196,3931,マザーズ,(株)バリューゴルフ,プレー予約運営のゴルフ事業、トラベル事業主軸に全国展開。メディカル、広告メディア制作も,10:49,"1,620"
197,3932,東証1部,(株)アカツキ,スマホ向けゲームの企画・開発・配信会社。海外３０カ国以上でも展開。ＩＰの創出・活用に意欲,11:30,"2,716"
198,3933,東証JQS,チエル(株),学校教育向けＩＣＴ事業が柱。授業支援システム、情報セキュリティほか、進路支援サービスも,11:11,"1,084"
199,3934,東証1部,(株)ベネフィットジャパン,回線借り通信サービスを行うＭＶＮＯ事業者。モバイルＷｉ−Ｆｉが主力。コミュロボも扱う,11:19,"2,644"
200,3935,マザーズ,(株)エディア,ゲーム主力から電子書籍・コミック等ＩＰ（知的所有権）活用した多面的電子メディアへ展開,11:30,411
201,3936,マザーズ,(株)グローバルウェイ,クラウド開発、運用保守が柱。就活・転職口コミサイト「キャリコネ」も。シェアリング育成中,11:30,429
202,3937,東証1部,(株)Ｕｂｉｃｏｍホールディングス,オフショアのシステム開発と医療関連ソフトが柱。フィリピンに開発拠点、現地採用活発,11:29,"2,611"
203,3939,東証1部,(株)カナミックネットワーク,自治体、医師会、介護サービス事業者向けクラウドサービスが収益柱。ネット広告も手がける,11:02,498
204,3940,東証1部,(株)ノムラシステムコーポレーション,独ＳＡＰのＥＲＰ（統合業務システム）導入コンサルや保守が軸、独自テンプレートも開発,11:18,271
205,3960,マザーズ,(株)バリューデザイン,プリペイドカードシステム提供。自店利用の「ハウス」と他社店でも使える「ブランド」を展開,09:00,"1,813"
206,3961,マザーズ,シルバーエッグ・テクノロジー(株),ＡＩ（人工知能）を用いた、Ｗｅｂ上のマーケティング支援ツールを提供。閲覧分析に定評,10:52,981
207,3962,東証1部,(株)チェンジ,地方自治体・企業のＤＸを支援。ＩＴツールや人材育成サービス提供。ふるさと納税が稼ぎ頭,11:30,"2,118"
208,3963,東証1部,(株)シンクロ・フード,飲食店向けに求人、不動産、食材仕入れ等の情報サイトを運営。求人掲載料課金や広告が収益源,11:29,363
209,3964,東証1部,(株)オークネット,中古車や切り花など小売店向けネットオークション開催。中古スマホの海外流通事業を強化中,11:30,"1,616"
210,3965,東証1部,(株)キャピタル・アセット・プランニング,生命保険の販売支援システムとコンサルが主体。相続税対策の個人資産管理システムを育成中,11:30,777
211,3966,マザーズ,(株)ユーザベース,ビジネスデータのＳＰＥＥＤＡ、ＳＮＳ型ニュースのＮｅｗｓＰｉｃｋｓ運営。米ニュース撤退,11:30,"1,458"
212,3967,マザーズ,(株)エルテス,炎上対応や内部脅威検知など、ネット上のリスク管理支援が柱。警備業や自治体のＤＸ事業推進,10:48,950
213,3968,東証1部,セグエグループ(株),セキュリティ製品の輸入販売とソリューション関連が両輪。ＳＥ派遣に強み。自社開発品育成,10:36,777
214,3969,東証1部,(株)エイトレッド,ソフトクリエイトＨＤ傘下。ワークフローソフト専業。パッケージ販売に加えクラウド提供も,10:53,"2,290"
215,3970,マザーズ,(株)イノベーション,ＩＴ製品比較・資料請求サイト運営。掲載企業に成果報酬型課金。クラウド型マーケツールも,11:10,"3,535"
216,3974,東証JQS,(株)ティビィシィ・スキヤツト,美容サロン向け顧客管理システム、集客支援アプリが主。経理代行や老人ホーム運営も手がける,11:30,477
217,3976,マザーズ,(株)シャノン,営業活動に必要な情報を管理・運用するクラウドサービスが柱。イベント等管理システムも,11:28,"1,474"
218,3977,札幌ア,フュージョン(株),ダイレクトマーケ専業。データ分析、システム構築・提供、販促企画・コンサル等の総合力に特長,12/09,"1,192"
219,3978,東証1部,(株)マクロミル,マーケティング調査でインテージと並び首位グループ。ネット調査に強い。海外展開に積極的,11:30,"1,032"
220,3979,マザーズ,(株)うるる,月額課金の入札情報速報サービスが柱。データ入力等のＢＰＯ事業、電話代行事業なども展開,10:15,"1,821"
221,3981,東証1部,(株)ビーグリー,電子コミック配信サービス「まんが王国」運営。電子コミック等の出版、ゲーム事業も手がける,11:18,"1,805"
222,3983,東証1部,(株)オロ,自社開発ＥＲＰソフト提供。Ｗｅｂ活用のマーケティング支援も。アジア各地に現法立ち上げ,11:30,"3,285"
223,3984,東証1部,(株)ユーザーローカル,ビッグデータの各種解析ツールや人工知能（ＡＩ）を使った業務支援ツールを開発・提供,11:29,"1,655"
224,3985,東証1部,テモナ(株),定期販売特化型の通販システムが柱。健康食品・化粧品顧客に強み。広告・販促効率化ツールも,11:22,516
225,3986,マザーズ,(株)ビーブレイクシステムズ,クラウドＥＲＰを開発、販売。低コスト、拡張性あるセミオーダー型に特徴。サービス業が主顧客,10:52,"1,637"
226,3987,マザーズ,エコモット(株),ＩｏＴインテグレーション事業を展開。建設情報化施工支援システムが主軸。ＫＤＤＩと緊密,11:22,630
227,3988,東証JQS,(株)ＳＹＳホールディングス,自動車、工作機械用ソフト開発や金融向けなどのシステム開発。ＩＴ未経験者を積極採用し育成,10:32,"1,369"
228,3989,マザーズ,シェアリングテクノロジー(株),住まい関連トラブル対応のマッチングサイトを運営。多角化路線改め、柱の住まい関連に集中,11:30,138
229,3990,マザーズ,ＵＵＵＭ(株),ユーチューバーの制作サポート事業展開。動画視聴数連動のアドセンス、企業からの広告料が柱,11:30,804
230,3991,マザーズ,ウォンテッドリー(株),ビジネスＳＮＳ「ウォンテッドリー」運営、人材募集掲載ツール利用料が収益源、次期柱育成中,11:30,"1,594"
231,3992,東証1部,(株)ニーズウェル,金融システム開発に強み。ソリューション事業強化。エンドユーザーと直接取引は売上高の５割,11:25,568
232,3993,マザーズ,(株)ＰＫＳＨＡ　Ｔｅｃｈｎｏｌｏｇｙ,深層学習などＡＩアルゴリズムをクラウドで提供。駐車場管理システムなどＡＩ活用領域拡大,11:30,"2,583"
233,3994,東証1部,(株)マネーフォワード,個人向け家計簿アプリ「マネーフォワードＭＥ」と法人向けの会計・人事クラウドが２本柱,11:30,"6,920"
234,3995,マザーズ,(株)ＳＫＩＹＡＫＩ,音楽アーティスト等のファンクラブ（ＦＣ）運営、グッズＥＣサービスを提供。ＣＣＣ傘下,11:30,322
235,3996,東証1部,サインポスト(株),金融機関や公共向けシステム開発コンサル主力、ＡＩレジ育成中でＪＲ東日本子会社と合弁も,11:30,"1,289"
236,3997,東証JQS,(株)トレードワークス,金融関連会社のシステム開発・保守・運用など。インサイダー取引等不正取引の監視も行う,11:30,"1,000"
237,3998,マザーズ,(株)すららネット,低学力の子どもにも適応するオンライン学習教材を塾や学校、個人に提供。塾の開業支援も,11:30,"1,879"
238,3999,マザーズ,ナレッジスイート(株),中堅・中小企業向けに営業活動支援のクラウドサービス提供。価格優位性などを武器に顧客開拓,10:40,799
239,4011,マザーズ,(株)ヘッドウォータース,ＡＩを活用したソリューションを提供。業務分析から開発、保守・運用まで一気通貫。ＤＸ支援も,11:30,"5,300"
240,4012,マザーズ,(株)アクシス,金融機関、公的機関向け主体にシステム構築展開。車両の位置情報把握するクラウドサービスも,11:27,"1,580"
241,4013,マザーズ,勤次郎(株),就業管理パッケージ「勤次郎エンタープライズ」展開。クラウド比率上昇。健康経営需要にも対応,11:30,"1,071"
242,4014,マザーズ,(株)カラダノート,ライフステージに応じたファミリーデータプラットフォーム事業。現在は妊娠育児層に注力,11:30,"1,310"
243,4015,マザーズ,アララ(株),スーパーなど小売店向けにハウス電子マネーを提供。メール自動配信事業も。ストック売上型,10:40,730
244,4016,東証JQS,ＭＩＴホールディングス(株),ＳＩ（開発、運用保守）が主力。ソリューション（電子書籍、ＣＡＤ、顔認識）の育成に注力,10:44,782
245,4017,マザーズ,(株)クリーマ,ハンドメイド作品のＥＣ市場「Ｃｒｅｅｍａ」運営。１０％の成約手数料が柱。作品の広告表示も,11:29,"1,506"
246,4018,福岡Q,(株)Ｇｅｏｌｏｃａｔｉｏｎ　Ｔｅｃｈｎｏｌｏｇｙ,ＩＰアドレスで利用者の位置がわかるシステムの応用事業が主軸。企業のほか官公庁も顧客,09:57,"3,000"
247,4019,マザーズ,(株)スタメン,社内の情報共有、課題解決を支援するクラウドサービス「ＴＵＮＡＧ」とファン向けアプリ展開,11:16,763
248,4020,マザーズ,ビートレンド(株),外食、小売り等向けにスマホアプリによるＣＲＭ（顧客管理）サービス展開。販促メール配信も,10:46,"2,261"
249,4051,マザーズ,ＧＭＯフィナンシャルゲート(株),ＧＭＯペイメントゲートウェイ傘下。店舗等対面領域でキャッシュレスプラットフォーム提供,11:30,"30,400"
250,4052,マザーズ,フィーチャ(株),車載部品メーカー等向けに先進運転支援関連の画像認識ソフトを開発。中国に開発子会社,11:24,675
251,4053,マザーズ,(株)Ｓｕｎ　Ａｓｔｅｒｉｓｋ,企業の新規事業開発をデジタル技術、ビジネス設計の両面で継続支援。ＩＴ人材の育成・紹介も,11:30,"2,372"
252,4054,マザーズ,日本情報クリエイト(株),賃貸用不動産の仲介、管理業務を効率化するソフトを提供。初期費用を抑えた月額のＳａａＳ型,11:30,"1,113"
253,4055,マザーズ,ティアンドエス(株),企業の社内システムの受託開発や保守運用が主力。半導体工場の運用・保守、ＡＩ関連製品も,11:06,"1,593"
254,4056,マザーズ,ニューラルポケット(株),独自開発のＡＩアルゴリズムを活用したサービスを展開。端末内でデータ処理する技術に強み,11:29,"1,757"
255,4057,マザーズ,(株)インターファクトリー,大規模ＥＣ事業者向けにクラウド型ＥＣプラットフォームと保守運用サービスを提供,10:35,976
256,4058,マザーズ,トヨクモ(株),クラウド活用の安否確認とサイボウズ社キントーン連携の業務アプリ構築サービス展開,11:15,"2,332"
257,4059,東証JQS,(株)まぐまぐ,メルマガ配信サービス展開。メルマガ課金と運営メディアの広告収入が主。エアトリが親会社,11:17,728
258,4060,マザーズ,ｒａｋｕｍｏ(株),グループウェア拡張製品「ｒａｋｕｍｏ」を提供。低価格のクラウド型で安定収益積み上げ,11:29,"1,541"
259,4068,マザーズ,ベイシス(株),携帯電話基地局の保守・運用を全国展開、電気・ガス等のスマートメーター設置と遠隔監視も,11:27,"5,350"
260,4069,マザーズ,(株)ＢｌｕｅＭｅｍｅ,ローコード開発とアジャイル手法を標榜する次世代システム開発会社。コンサル、教育事業も,11:19,"2,171"
261,4071,マザーズ,(株)プラスアルファ・コンサルティング,データ分析・可視化のクラウドサービス提供。人材活用、マーケティング、ＣＲＭの各分野向け,11:30,"3,370"
262,4072,東証1部,(株)電算システムホールディングス,電算システムが２１年７月持株会社に移行。グーグル含む情報処理サービスと収納代行が２本柱,11:30,"2,625"
263,4073,マザーズ,(株)ジィ・シィ企画,,11:01,"1,178"
264,4074,マザーズ,(株)ラキール,システム開発と企業のＤＸ化を支援する「ＬａＫｅｅｌ」製品が２本柱。ＭＢＯにより１７年独立,11:29,"2,655"
265,4075,マザーズ,ブレインズテクノロジー(株),ＡＩ実装のソフト事業が柱。製造、情報通信、建設業中心に、異常検知と企業内検索エンジン提供,11:30,"2,103"
266,4076,マザーズ,(株)シイエヌエス,企業向けシステム受託開発が柱。ビッグデータ分析やクラウド基盤構築も。金融や公共向け強い,11:21,"1,638"
267,4165,マザーズ,(株)プレイド,Ｗｅｂサイト・アプリの顧客分析プラットフォーム「ＫＡＲＴＥ」を展開。米グーグルと戦略提携,11:30,"2,807"
268,4166,マザーズ,かっこ(株),後払い決済事業者やＥＣ事業者向けに不正注文検知サービス提供。不正データ大量保有が強み,10:35,"1,996"
269,4167,マザーズ,(株)ココペリ,中小企業支援プラットフォーム「ＢｉｇＡｄｖａｎｃｅ」運営。金融機関通じＳａａＳで提供,11:29,"2,238"
270,4168,マザーズ,(株)ヤプリ,アプリ開発・運用・分析が行えるクラウド型ソフトを提供。誰でもできるノーコードが強み,11:25,"4,105"
271,4169,マザーズ,ＥＮＥＣＨＡＮＧＥ(株),電力・ガス切り替えプラットフォーム運営や電力・ガス会社用クラウド型ＤＸ支援サービス提供,11:30,"5,400"
272,4170,マザーズ,(株)Ｋａｉｚｅｎ　Ｐｌａｔｆｏｒｍ,企業サービスのデジタル化支援するＵＸ／ＤＸソリューションと動画ソリューションが柱,11:30,604
273,4171,東証JQS,(株)グローバルインフォメーション,海外の市場調査リポート販売が主力、日本中心に韓台でも展開。製造業等の大手企業が主顧客,09:38,"1,600"
274,4172,東証JQS,東和ハイシステム(株),歯科医院向け電子カルテ統合システムを西日本中心に展開。無償サポートで更新比率高い,11:15,"2,611"
275,4173,マザーズ,(株)ＷＡＣＵＬ,ＷｅｂサイトをＡＩ解析し改善提案、ＳＥＯや広告運用代行まで手がける。ＤＸコンサルも,11:28,"1,270"
276,4174,東証JQS,(株)アピリッツ,ＥＣサイト、Ｗｅｂシステムの受託開発等手がける。オンラインゲームの自社運営、開発請負も,11:18,540
277,4175,マザーズ,(株)ｃｏｌｙ,モバイルゲーム開発・運営が柱。女性向け作品に強み、グッズ展開も。自社キャラクター育成中,11:30,"2,931"
278,4176,マザーズ,(株)ココナラ,個人が知識やスキルをオンラインで出品できるＥＣ型スキルシェアサービス「ココナラ」運営,11:29,"1,821"
279,4177,マザーズ,(株)ｉ−ｐｌｕｇ,新卒特化のダイレクトリクルーティング「ＯｆｆｅｒＢｏｘ」を運営。適性検査サービスも展開,10:43,"6,180"
280,4178,マザーズ,(株)Ｓｈａｒｉｎｇ　Ｉｎｎｏｖａｔｉｏｎｓ,セールスフォースに強いクラウドインテグレーター、ＳＩも展開、占いチャット事業も,10:46,"2,143"
281,4179,マザーズ,(株)ジーネクスト,クラウド活用の顧客対応サービス「ディスカバリーズ」展開。食品、日用品業界向けが主柱,10:19,622
282,4180,マザーズ,Ａｐｐｉｅｒ　Ｇｒｏｕｐ(株),販促分野で人工知能活用したサービスを開発・提供。台湾発企業。顧客企業の多くは日本に,11:29,"1,550"
283,4192,マザーズ,スパイダープラス(株),建築図面・現場施工の管理アプリ「ＳＰＩＤＥＲＰＬＵＳ」を開発販売。建設業者が主要顧客,11:29,"1,466"
284,4193,東証JQS,(株)ファブリカコミュニケーションズ,事前通知や督促など法人向けＳＭＳ送信サービスを軸に中古車販売業務管理システムも展開,11:29,"2,569"
285,4194,マザーズ,ビジョナル(株),クラウド活用の会員制転職サービス「ビズリーチ」、人材管理「ハーモス」展開。事業承継等も,12/09,"8,680"
286,4196,東証JQS,(株)ネオマーケティング,企業のマーケティング支援が柱。市場調査から商品開発・販売まで一貫して支援。業務は内製化,11:29,"2,528"
287,4198,東証JQS,(株)テンダ,Ｗｅｂ関連の受託開発・保守・運用、ＳＥ派遣やマニュアル自動作成等ソフト販売。ゲーム制作も,09:34,"1,817"
288,4199,マザーズ,ワンダープラネット(株),名古屋拠点にスマホゲームアプリ「クラッシュフィーバー」等を開発・運営。海外版も展開,11:16,"1,966"
289,4200,東証JQS,(株)ＨＣＳホールディングス,業務ソフトの設計・開発・保守が柱。顧客に電力、航空、鉄鋼など。ＥＲＰ導入やマーケ支援も,10:26,"1,351"
290,4255, ,ＴＨＥＣＯＯ(株),,---,---
291,4256, ,(株)サインド,,---,---
292,4258, ,(株)網屋,,---,---
293,4259, ,(株)エクサウィザーズ,,---,---
294,4260, ,(株)ハイブリッドテクノロジーズ,,---,---
295,4261, ,アジアクエスト(株),,---,---
296,4262, ,ニフティライフスタイル(株),,---,---
297,4263, ,サスメド(株),,---,---
298,4264, ,(株)セキュア,,---,---
299,4265, ,Ｉｎｓｔｉｔｕｔｉｏｎ　ｆｏｒ　ａ　Ｇｌｏｂａｌ　Ｓｏｃｉｅ(株),,---,---
300,4284,東証1部,(株)ソルクシーズ,ＳＢＩ社が筆頭株主のＳＩ会社。信販、証券など金融業界が主顧客。クラウド事業を本格推進,11:28,468
301,4287,東証JQS,(株)ジャストプランニング,外食業界に特化した業務ソフト開発・運用のＡＳＰ事業者。ホール運営のサン電子と業務提携,11:10,357
302,4288,東証JQS,(株)アズジェント,セキュリティソフト輸入販売から構築・運用等含めた高付加価値サービス事業へ転換。独立系,11:29,716
303,4295,東証1部,(株)フェイス,柱は着信メロディから１４年連結の日本コロムビアの音楽・映像に。楽曲推薦ネットラジオ育成,11:30,673
304,4298,東証1部,(株)プロトコーポレーション,中古車サイトの情報料・広告収入とタイヤほか物販が柱。新車販売店や整備工場領域を拡充,11:30,"1,359"
305,4299,東証1部,(株)ハイマックス,独立系ＳＩ。金融、保険、流通、クレジットカードが主体。野村総研、ＩＢＭ、富士通向け多い,11:29,"1,087"
306,4304,東証JQS,(株)Ｅストアー,ＥＣ総合支援サービス展開。Ｗｅｂ店舗運営支援や出店店舗の販促支援が柱。電子認証事業参入,11:30,"1,516"
307,4307,東証1部,(株)野村総合研究所,野村証券系ＳＩ。コンサル、システム開発・運用の一貫体制。顧客は金融機関と流通業が中心,11:30,"4,955"
308,4308,マザーズ,(株)Ｊストリーム,ネットによる動画ライブ中継やオンデマンド放送の配信インフラ提供。映像制作等も手がける,11:29,800
309,4312,東証1部,サイバネットシステム(株),富士ソフト子会社。設計用ＣＡＥソフト主力。ライセンス販売が約７割占める。自社品強化中,11:29,716
310,4316,東証JQG,(株)ビーマップ,鉄道など交通関連、位置情報、画像配信事業展開。無線ＬＡＮ設置も。不採算事業の整理進める,11:30,513
311,4320,東証1部,(株)ＣＥホールディングス,電子カルテシステムを自社開発。中小病院向けに強み。ＮＥＣなど大手ＩＴとの協業も強化,11:28,497
312,4323,東証1部,日本システム技術(株),独立系のシステム開発。ソフト開発、パッケージ、システム販売、医療ビッグデータが４本柱,11:30,"2,867"
313,4326,東証1部,(株)インテージホールディングス,日本で唯一、消費、販売の両パネル調査網持つ。市場調査分野で国内首位、１３年持株会社に,11:30,"1,708"
314,4333,東証1部,(株)東邦システムサイエンス,旧東邦生命系から独立したソフト開発中堅。ＮＲＩ、日ユニシス、富士通等と連携。金融系が得意,10:50,"1,003"
315,4334,東証JQS,(株)ユークス,ゲームやパチンコ・パチスロソフトの受託開発。自社ソフト開発や独自技術の２次利用の展開も,11:22,599
316,4335,東証JQS,(株)アイ・ピー・エス,関西地盤に企業向け情報システム開発を行う。ＳＡＰのＥＲＰを中心に販売。首都圏を強化中,10:30,815
317,4344,東証1部,ソースネクスト(株),ＰＣ用低価格ソフトが中心。ウイルス対策はシェア上位。自動通訳機「ポケトーク」が主力商品,11:30,208
318,4348,東証1部,インフォコム(株),業界首位級の電子コミックとシステム開発が柱、医療・介護関連や管理ソフト強化、帝人子会社,11:30,"2,017"
319,4349,名証2部,(株)テスク,量販型小売業や卸業に特化したＩＴベンダー。基幹系システム開発強い。業務コンサルも得意,12/02,"3,250"
320,4356,東証JQS,応用技術(株),住宅・建設用業務改善ソフトと防災コンサルが２本柱。トランスコスモス傘下ながら独自展開,11:07,"4,995"
321,4370,マザーズ,モビルス(株),コンタクトセンター向けＳａａＳを各種提供。サブスク比率高い。直販多いがＯＥＭも展開,11:29,"1,075"
322,4371,マザーズ,(株)コアコンセプト・テクノロジー,,11:28,"9,060"
323,4372,マザーズ,ユミルリンク(株),,11:30,"1,139"
324,4373,東証1部,シンプレクス・ホールディングス(株),,11:30,"2,581"
325,4374,マザーズ,(株)ＲＯＢＯＴ　ＰＡＹＭＥＮＴ,,11:30,"2,958"
326,4375,マザーズ,セーフィー(株),,11:30,"2,430"
327,4376,マザーズ,(株)くふうカンパニー,,11:30,425
328,4377,マザーズ,(株)ワンキャリア,,11:30,"2,790"
329,4378,マザーズ,(株)ＣＩＮＣ,,11:30,"2,686"
330,4379,マザーズ,(株)Ｐｈｏｔｏｓｙｎｔｈ,,11:30,903
331,4380,マザーズ,(株)Ｍマート,業務用食材卸サイト「Ｍマート」、厨房機器・食器等卸サイト「Ｂｎｅｔ」などで電子商取引仲介,09:50,793
332,4381,マザーズ,ビープラッツ(株),サブスク（定額課金）サービスに必要な各種機能を基盤として提供。トヨタ「ＫＩＮＴＯ」も採用,11:30,"1,289"
333,4382,東証1部,ＨＥＲＯＺ(株),ＡＩ技術強みに市場予測などＢｔｏＢサービスを提供。「将棋ウォーズ」など頭脳ゲームアプリも,11:30,"1,460"
334,4384,東証1部,ラクスル(株),ネットで印刷を低価格で小口から仲介する「ラクスル」運営。集客支援や運送仲介「ハコベル」も,11:30,"5,470"
335,4385,マザーズ,(株)メルカリ,フリマアプリ国内首位。販売手数料が柱。スマホ決済「メルペイ」事業、米国フリマ事業強化中,11:30,"6,420"
336,4386,東証2部,(株)ＳＩＧグループ,システム開発会社。官公庁向け給与システムに強み。インフラ・セキュリティ事業も注力,11:30,547
337,4387,マザーズ,(株)ＺＵＵ,金融メディア「ＺＵＵオンライン」を運営。金融機関にはＩＴを使って集客支援。転職紹介も展開,11:22,"1,330"
338,4388,マザーズ,(株)エーアイ,音声合成エンジンを開発・販売。防災無線など法人向けと個人向けで読み上げサービスを提供,11:30,894
339,4389,マザーズ,プロパティデータバンク(株),不動産管理クラウドサービス「＠プロパティ」を提供。Ｊ−ＲＥＩＴ向けで５割超のシェア,09:51,"1,530"
340,4390,東証1部,(株)アイ・ピー・エス,フィリピンの通信・ＣＡＴＶ業者に国際回線を販売、国内はコールセンター等の格安通信に強み,11:30,"2,049"
341,4391,マザーズ,ロジザード(株),倉庫の在庫管理システムをクラウドで提供。アパレル向けに強く、ネット通販や３ＰＬ向け拡大,11:30,"2,010"
342,4392,東証1部,ＦＩＧ(株),移動体通信システム主力のモバイルクリエイトが子会社・石井工作研究所と共同持株会社設立,11:30,332
343,4393,マザーズ,(株)バンク・オブ・イノベーション,スマホゲームアプリを開発・運営。動画検索事業撤退しゲームに軸足。デザイナー内製化に特色,11:30,"2,009"
344,4394,マザーズ,(株)エクスモーション,組み込みソフトの品質改善に特化したコンサル会社。主力は自動車分野。ソルクシーズ子会社,09:05,904
345,4395,マザーズ,(株)アクリート,企業から個人向けのＳＭＳ（ショートメッセージ）配信代行サービス展開。認証用途が多い,11:30,"1,418"
346,4396,東証1部,(株)システムサポート,ＩＴシステム開発・保守、オラクルＤＢ得意。データセンター受託に注力、自社製ソフト販売も,11:29,"1,223"
347,4397,マザーズ,(株)チームスピリット,勤怠管理等業務ソフトを一体化したクラウドサービス提供。米セールスフォース社と資本提携,11:30,689
348,4398,東証JQS,(株)ブロードバンドセキュリティ,監査・コンサルや脆弱性診断、情報漏洩対策など総合的なＩＴセキュリティサービスを提供,11:06,"1,546"
349,4412,マザーズ,(株)サイエンスアーツ,,11:30,"16,880"
350,4413,マザーズ,(株)ボードルア,,11:30,"2,211"
351,4414,マザーズ,(株)フレクト,,---,---
352,4415, ,(株)ブロードエンタープライズ,,---,---
353,4416, ,(株)Ｔｒｕｅ　Ｄａｔａ,,---,---
354,4417, ,グローバルセキュリティエキスパート(株),,---,---
355,4418, ,(株)ＪＤＳＣ,,---,---
356,4419, ,(株)Ｆｉｎａｔｅｘｔホールディングス,,---,---
357,4420,東証1部,イーソル(株),組み込み機器に特化したＯＳの開発販売が主力。自動車やＡＶ機器など顧客は多分野にわたる,11:08,677
358,4421,東証JQS,(株)ディ・アイ・システム,通信や金融、官公庁向けシステム開発・運用のＳＩ事業が主。新卒者のＩＴ教育研修サービスも,11:18,957
359,4422,マザーズ,ＶＡＬＵＥＮＥＸ(株),独自アルゴリズム基盤のビッグデータ解析ツールを提供。同ツール活用のコンサルも展開,09:49,940
360,4423,東証1部,アルテリア・ネットワークス(株),丸紅系。光ファイバー網保有し企業向け通信サービスを展開。マンション向け一括提供型は首位,11:29,"1,605"
361,4424,マザーズ,(株)Ａｍａｚｉａ,無料モデルの漫画アプリ「マンガＢＡＮＧ！」運営。男性向けに強み。一部課金、広告で稼ぐ,11:28,988
362,4425,マザーズ,Ｋｕｄａｎ(株),機械の眼に相当する人工知覚（ＡＰ）技術の研究に特化、独自アルゴリズムをライセンス提供,11:30,"3,730"
363,4427,東証1部,(株)ＥｄｕＬａｂ,ネットによる英語教育が出発点、英検向けの比重高い。ＡＩソフトやテストセンター運営に注力,11:27,"1,220"
364,4428,マザーズ,(株)シノプス,大手小売業向けに需要予測型の自動発注システム「ｓｉｎｏｐｓ」を展開。卸、製造業向けも,11:21,"1,292"
365,4429,マザーズ,リックソフト(株),豪アトラシアン社などの業務系パッケージソフト販売。導入支援や運用支援、自社開発も行う,10:32,"1,693"
366,4430,東証1部,東海ソフト(株),独立系のソフト開発会社。名古屋に本社。ＩｏＴ関連、組み込み、金融・公共が３本柱。堅実経営,11:23,"1,043"
367,4431,マザーズ,(株)スマレジ,スマホ使ったＰＯＳレジアプリのクラウドサービス事業。ネット経由で中小事業者らに拡販,11:30,"2,787"
368,4432,東証1部,ウイングアーク１ｓｔ(株),帳票・文書管理ソフトと企業内データ活用支援の２本柱。間接販売が主。ＭＢＯ経て２１年再上場,11:29,"2,107"
369,4433,東証1部,(株)ヒト・コミュニケーションズ・ホールディングス,光回線、携帯、家電など営業支援。免税店などのインバウンドやｅコマース支援にも展開,11:30,"2,791"
370,4434,東証1部,(株)サーバーワークス,米アマゾン傘下のクラウド「ＡＷＳ」導入支援・保守代行が柱。運用自動化システムに強み,11:28,"3,495"
371,4435,マザーズ,(株)カオナビ,顔写真使う企業向け人材マネジメントシステムをクラウドで提供、リクルートの持分法会社,11:30,"2,995"
372,4436,マザーズ,(株)ミンカブ・ジ・インフォノイド,「みんなの株式」「株探」などのメディア運営と法人向け情報サービスが柱。情報自動生成に強み,11:30,"2,906"
373,4437,マザーズ,ｇｏｏｄｄａｙｓホールディングス(株),ＩＴシステム開発。賃貸物件のリノベーションと不動産情報サイト「ｇｏｏｄｒｏｏｍ」運営,11:27,"1,020"
374,4438,マザーズ,(株)Ｗｅｌｂｙ,個人の健康・医療情報プラットフォーム展開。主力は製薬メーカー向けで、納品など下期偏重,10:48,835
375,4439,東証1部,(株)東名,月額制の中小企業向け光回線サービスが主力。情報通信商品の販売や電力小売りも展開,09:37,"1,177"
376,4440,東証1部,(株)ヴィッツ,組み込みソフト・自動運転開発用ソフト・受託。車載に強み、コンサル業務も。アイシン出資,10:23,"1,374"
377,4441,東証1部,トビラシステムズ(株),独自の抽出アルゴリズムを用い迷惑電話番号を自動的に拒否、警告するシステムを開発、提供,11:30,961
378,4442,マザーズ,バルテス(株),ソフトウェアテスト事業が主力。関連の品質コンサル、人材派遣やセキュリティ・脆弱性診断も,11:25,"1,351"
379,4443,東証1部,Ｓａｎｓａｎ(株),クラウド型名刺管理の法人向けサービス草分け。個人向けビジネスＳＮＳ「Ｅｉｇｈｔ」も展開,11:30,"2,574"
380,4444,マザーズ,(株)インフォネット,Ｗｅｂコンテンツ管理システム（ＣＭＳ）主力。月額利用料多い。ＡＩ育成。２１年アイアクト買収,09:50,814
381,4445,マザーズ,リビン・テクノロジーズ(株),サイト「リビンマッチ」を中心に不動産や住宅業界に特化したネットマーケサービスを提供,11:30,"4,460"
382,4446,東証1部,(株)Ｌｉｎｋ−Ｕ,独自サーバーでコンテンツ配信を展開。漫画アプリに強み。ＮＦＴ（非代替性トークン）事業も,11:13,"1,115"
383,4447,福岡Q,(株)ピー・ビーシステムズ,基幹システムのクラウド化・仮想化事業が柱。３６０度ＶＲシアター「４Ｄ王」の開発販売も,11:27,665
384,4448,マザーズ,Ｃｈａｔｗｏｒｋ(株),クラウド型ビジネスチャットツールを開発・販売。広告表示や容量制限のない有料版が収益源,11:30,"1,096"
385,4449,東証1部,(株)ギフティ,商品・サービスと交換できる電子チケット・ｅギフト発券・流通を一貫展開。マレーシアに現法,11:30,"2,462"
386,4450,マザーズ,(株)パワーソリューションズ,資産運用会社を中心とした金融機関向けＳＩが主力。業務受託などアウトソーシングも展開,09:24,"2,495"
387,4475,マザーズ,ＨＥＮＮＧＥ(株),クラウドＩＤ管理サービス「ＨＥＮＮＧＥＯｎｅ」展開。解約率低いストック型ビジネス中心,11:30,"4,065"
388,4476,マザーズ,ＡＩ　ＣＲＯＳＳ(株),企業向けコミュニケーションツール提供。メッセージサービスやＡＩ解析。企業内チャット売却,11:29,"1,461"
389,4477,マザーズ,ＢＡＳＥ(株),個人、小規模事業者向けＥＣプラットフォーム「ＢＡＳＥ」運営。店舗売上連動の利用料が収益源,11:30,680
390,4478,マザーズ,フリー(株),クラウド型会計・人事労務ソフトを開発。主要顧客は個人事業主や中小企業。自動化機能に特徴,11:30,"6,380"
391,4479,マザーズ,(株)マクアケ,新商品・サービスのテスト販売に特化したＥＣ「マクアケ」運営。新製品開発・ＰＲ支援にも強み,11:30,"4,910"
392,4480,マザーズ,(株)メドレー,ヘルスケア領域向け成果報酬型人材紹介が主力。オンライン診療システムと電子カルテ育成中,11:30,"2,662"
393,4481,東証1部,ベース(株),システム受託開発が主力。ＥＲＰ等ソリューションも。中国・無錫に拠点。配当性向３０％メド,11:19,"4,145"
394,4482,マザーズ,(株)ウィルズ,株主優待商品交換サイト「プレミアム優待倶楽部」運営、機関投資家情報提供などＩＲ支援も,11:30,922
395,4483,東証1部,(株)ＪＭＤＣ,健康保険組合の医療データを匿名加工し製薬・保険会社等へ提供。遠隔医療や調剤薬局支援も,11:30,"8,070"
396,4484,マザーズ,ランサーズ(株),仕事を外注したい企業と受注したい個人のマッチングプラットフォーム「ランサーズ」運営,11:29,413
397,4485,マザーズ,(株)ＪＴＯＷＥＲ,携帯キャリア各社の屋内通信設備を共用化する事業が主力。屋外共用電波タワーも育成中,11:30,"10,150"
398,4486,マザーズ,ユナイトアンドグロウ(株),会員の中堅・中小企業向けにＩＴ人材と知識を提供するシェアード・エンジニアリング事業展開,11:10,"1,773"
399,4487,マザーズ,(株)スペースマーケット,住宅、会議室など空きスペースの貸し手・借り手のマッチングサービス展開。利用手数料が柱,11:24,932
400,4488,マザーズ,ＡＩ　ｉｎｓｉｄｅ(株),ＡＩ認識技術活用したクラウド型ＯＣＲサービスが柱。手書き文字のデジタル文字変換に強み,11:29,"7,640"
401,4489,マザーズ,(株)ペイロール,給与計算サービスをクラウドで提供。１０００人以上の企業が対象。利用者数約１００万人,11:27,865
402,4490,マザーズ,(株)ビザスク,ビジネス知見持つアドバイザーと顧客をつなぐ「スポットコンサル」展開。米同業を大型買収,11:30,"5,500"
403,4491,東証JQS,コンピューターマネージメント(株),独立系ＳＩ、関西から出発し全国展開。金融や医療に強く、インフラ構築も。ＳＡＰパートナー,09:13,"3,470"
404,4492,東証JQS,(株)ゼネテック,デジタルソリューション柱。正規輸入代理店契約で３次元ＣＡＭ等販売。災害位置システム提供,11:16,947
405,4493,マザーズ,(株)サイバーセキュリティクラウド,ＡＩ技術を活用した、クラウド提供のＷｅｂセキュリティサービス「攻撃遮断くん」が主力,11:30,"1,940"
406,4494,東証2部,バリオセキュア(株),ネットセキュリティサービスに特化。機器レンタル、ソフト開発、運用等包括的に手がける,11:30,"1,219"
407,4495,マザーズ,(株)アイキューブドシステムズ,法人向けＭＤＭ（モバイル端末管理）サービス首位の「ＣＬＯＭＯ」提供。月額課金のＳａａＳ,10:50,"4,070"
408,4496,マザーズ,(株)コマースＯｎｅホールディングス,中堅・中小のＥＣサイト運営支援をＳａａＳ型で提供。バックヤード等カスタマイズも手がける,11:30,"1,389"
409,4498,マザーズ,サイバートラスト(株),ＳＢテクノロジー傘下、認証・セキュリティが主力、Ｌｉｎｕｘに強く、ＩｏＴ事業を育成中,11:27,"3,470"
410,4499,東証JQS,(株)Ｓｐｅｅｅ,データを活用したマーケティング支援と中古物件売却や外装リフォームの仲介サイトも運営,11:30,"5,680"
411,4644,東証JQS,イマジニア(株),モバイルコンテンツ配信、企画が柱。パッケージソフト、キャラクターのライセンス商品販売も,11:27,997
412,4662,東証1部,(株)フォーカスシステムズ,公共向けシステム開発に強い。保守・運用・セキュリティサービスも。独自の暗号システムに進出,11:28,995
413,4667,東証JQS,アイサンテクノロジー(株),測量、土木建設業向けなど自社ソフトの開発・販売が主力事業。自動運転関連の強化進める,10:22,"1,321"
414,4674,東証1部,(株)クレスコ,受託によるソフト開発主力、金融系に強い。情報家電などの組み込み開発も手がける。独立系,11:30,"1,994"
415,4676,東証1部,(株)フジ・メディア・ホールディングス,フジサンケイグループ。若年層強い。視聴率は低迷中。音楽、通販、不動産など多角経営を推進,11:30,"1,159"
416,4684,東証1部,(株)オービック,独立系ＳＩ。主軸のＥＲＰが中小・中堅から大企業向けに拡大。無借金経営。持分にＯＢＣ,11:30,"20,860"
417,4685,東証JQS,(株)菱友システムズ,三菱重工系。情報処理、ソフト開発、設計解析、システム機器販売が柱。ＩＢＭの有力特約店,09:00,"2,207"
418,4686,東証1部,(株)ジャストシステム,「ＡＴＯＫ」等ソフトや法人業務システムなどを展開。通信教育も拡大。キーエンスと資本提携,11:30,"5,390"
419,4687,東証1部,ＴＤＣソフト(株),金融関連ソフトの開発に強み持つ独立系ＳＩ。クラウドに対応した自社製品の育成に注力中,11:27,"1,109"
420,4689,東証1部,Ｚホールディングス(株),ネットサービス国内先駆。広告やＥＣが柱。決済など金融育成。２１年３月にＬＩＮＥが傘下入り,11:30,721.8
421,4704,東証1部,トレンドマイクロ(株),情報セキュリティソフト「ウイルスバスター」が高シェア。個人、法人用で国内首位。世界３位,11:30,"6,840"
422,4709,東証1部,(株)ＩＤホールディングス,独立系ＳＩｅｒ。システム運営管理を主力にＩＴサービス提供。米国ベンチャーファンドに出資,11:29,856
423,4716,東証1部,日本オラクル(株),米国オラクル日本法人。ＤＢ管理ソフトで独走。クラウドサービス育成中。配当性向４割,11:30,"10,360"
424,4719,東証1部,(株)アルファシステムズ,通信系ソフトから非通信系システム開発に急傾斜。独立系だが富士通、ＮＴＴグループ６割強,11:29,"4,090"
425,4722,東証1部,フューチャー(株),システムのコンサル、開発が主。メディア、ＥＣへの投資も。大型コンピュータの小型化に特色,11:30,"3,710"
426,4725,東証1部,(株)ＣＡＣ　Ｈｏｌｄｉｎｇｓ,独立系。システム構築・運用。信託銀行、製薬業向けに強み。医薬品開発支援（ＣＲＯ）は撤退,11:08,"1,539"
427,4726,東証1部,ＳＢテクノロジー(株),法人・行政向けクラウドやセキュリティが柱。マイクロソフトと密接。自社サービス拡大中,11:30,"2,620"
428,4728,東証1部,(株)トーセ,家庭用ゲームソフト開発・制作請負で専業最大手。スマホゲーム開発やサイト運営も行う,10:37,728
429,4733,東証1部,(株)オービックビジネスコンサルタント,中小企業向け業務パッケージソフト「奉行シリーズ」で高シェア。オービックが大株主。無借金,11:30,"5,040"
430,4736,東証JQS,日本ラッド(株),独立系ＳＩ。流通や車載などハードとソフトの組成技術に強み。ビッグデータ、ＦＰＧＡに注力,09:18,528
431,4739,東証1部,伊藤忠テクノソリューションズ(株),伊藤忠系ＳＩ。海外ＩＴ機器の販売を出発点にソフト、サービスに注力。通信事業者向けが主力,11:30,"3,880"
432,4743,東証1部,(株)アイティフォー,独立系ＳＩベンダー。ネットワーク構築や延滞債権管理システム等のソフト開発に強み。無借金,11:21,804
433,4746,東証1部,(株)東計電算,独立系情報処理会社。システムの設計開発、運用（受託）やデータ処理業務など手がける。好財務,11:30,"5,010"
434,4748,東証JQS,(株)構造計画研究所,構造計算から創業のＳＩ。独自の防災コンサル展開。住宅・エネ向け開発に実績。クラウド強化中,11:08,"2,618"
435,4752,東証JQS,(株)昭和システムエンジニアリング,入力業務から受託計算、ソフト開発まで一貫サービス、証券、生損保向けシステム構築に強み,11:29,752
436,4761,東証2部,(株)さくらケーシーエス,ソフト開発、データセンター主体。自治体、三井住友銀、富士通向け多い。兵庫中心から首都圏も,10:32,868
437,4762,東証1部,(株)エックスネット,生損保や銀行向け資産運用、融資システムサービス提供が主力。０９年ＮＴＴデータの子会社に,09:55,"1,000"
438,4764,東証JQG,Ｎｅｘｕｓ　Ｂａｎｋ(株),システム構築などＩＴ事業が祖業。２０年１１月現ネクサスカード子会社化、傘下に韓国の貯蓄銀行,11:30,116
439,4768,東証1部,(株)大塚商会,情報サービス大手でＳＩから保守まで一貫。中堅・中小に強み。オフィス通販「たのめーる」も,11:30,"5,230"
440,4769,東証JQS,(株)インフォメーションクリエーティブ,システム開発と運用が２本柱の独立系ＳＩ。客先常駐型の開発多い。日立グループ向けが約５割,10:04,896
441,4770,東証2部,図研エルミック(株),図研傘下の映像系ミドルウェア会社。パッケージ販売撤退、組み込み受託開発へ転換し再建模索,09:58,308
442,4772,東証JQG,(株)ストリームメディアコーポレーション,韓国エンタメ企業首位・ＳＭエンタテインメント傘下。モバイル、イベント等でコンテンツ展開,10:59,179
443,4776,東証1部,サイボウズ(株),業務を効率化するグループウェアで国内シェア高い。パッケージソフト、クラウド両方で提供,11:29,"2,091"
444,4777,東証JQS,(株)ガーラ,欧米向けＰＣオンラインゲームが中核。スマホのアプリ開発に傾注。コミュニティ構築・運営も,11:27,270
445,4783,東証JQS,日本コンピュータ・ダイナミクス(株),システム開発、運用サービス、駐輪場管理システムが経営の３本柱。駐輪場の運営事業も展開,10:49,700
446,4800,東証JQS,オリコン(株),音楽データベースから出発。現在はニュースサイト運営、顧客満足度（ＣＳ）調査事業が２本柱,11:22,"1,093"
447,4812,東証1部,ＩＳＩＤ,電通の基幹システム構築が収益源。設計開発支援強く、人事管理や会計の自社品育つ。無借金,11:30,"3,705"
448,4813,東証1部,(株)ＡＣＣＥＳＳ,ＩｏＴデバイス受託開発やブラウザ、電子書籍プラットフォームが柱。ネットワーク事業育成中,11:26,723
449,4814,東証JQS,ネクストウェア(株),ＤＢシステムのアウトソーシングが中心、メーカーに強み。１８年にＯＳＫ日本歌劇団を子会社化,10:34,164
450,4816,東証JQS,東映アニメーション(株),東映系のアニメ制作老舗。テレビ向けに強み。キャラクターの商品化権等の版権収入も大きい,11:30,"15,240"
451,4819,東証1部,(株)デジタルガレージ,決済、広告、ベンチャー投資などネットビジネス周辺で多角化。持分会社カカクコム（２０％出資）,11:30,"5,080"
452,4820,東証1部,(株)ＥＭシステムズ,調剤薬局向けシステムの大手、国内シェア３割超で首位。医科システム拡大、介護・福祉も育成,11:20,762
453,4824,マザーズ,(株)メディアシーク,法人システムコンサルが主力。ＱＲコード読み取りアプリは広告収入主体のビジネスモデル,11:27,404
454,4825,東証1部,(株)ウェザーニューズ,民間気象情報で世界最大手。航海・鉄道・航空向けの交通気象に強い。個人向けも積極展開,11:29,"10,020"
455,4826,東証1部,(株)ＣＩＪ,独立系２次請けシステム開発。ＯＳ周辺で高い技術力。日立製作所とＮＴＴデータ向けが４割弱,11:30,847
456,4828,東証1部,ビジネスエンジニアリング(株),ＥＲＰで自社製ＭＣフレーム、独ＳＡＰ製品など扱う。筆頭株主ＴＥＣが１８年春持株全部売却,11:30,"3,560"
457,4829,東証1部,日本エンタープライズ(株),スマホ向けコンテンツ配信と法人ＳＩが２本柱。豊洲移転で拡大の水産物ＥＣなど新事業模索,11:30,184
458,4832,東証2部,ＪＦＥシステムズ(株),旧川鉄のシステム部門が分離。企業の情報システム構築・運用が主。ＪＦＥスチール向け４割強,11:15,"1,937"
459,4838,東証JQS,(株)スペースシャワーネットワーク,ＣＳ等に音楽番組供給。大型夏フェス主催。音楽配信、メイドカフェ、動画配信サービスも運営,11:30,413
460,4839,東証1部,(株)ＷＯＷＯＷ,日本初の民間衛星放送会社。ＢＳ、ＣＳに有料番組提供。スポーツ、音楽、ドラマ自社制作に注力,11:30,"1,984"
461,4845,東証1部,(株)スカラ,サイト内検索など、企業向けＡＳＰサービス展開。営業支援システムのソフトブレーンは売却,11:25,657
462,4847,東証1部,(株)インテリジェント　ウェイブ,システム開発、製品販売。カード決済システム首位。内部情報漏洩対策等も。大日本印刷傘下,10:50,546
463,6879,東証1部,(株)ＩＭＡＧＩＣＡ　ＧＲＯＵＰ,映像制作軸に企画、放送、機器開発・販売等を展開。動画配信業者向け映像制作サービスに参入,11:30,678
464,6888,東証JQS,アクモス(株),ＩＴソリューション事業主軸に展開。医療系システム開発など重点分野強化にＭ＆Ａ戦略駆使,11:10,348
465,6942,東証JQS,(株)ソフィアホールディングス,ＩＰ電話の通信、調剤薬局、インターネット事業の３本柱経営。ローカル５Ｇ活用した事業育成,11:03,"1,108"
466,7518,東証1部,ネットワンシステムズ(株),通信やセキュリティなどＩＴインフラ構築強い。大手企業向け。シスコ製品の取扱比率約５割,11:30,"3,400"
467,7527,東証1部,(株)システムソフト,システム開発からＷｅｂマーケ支援事業など拡大中。不動産サイトも。ＡＰＡＭＡＮ傘下,11:29,122
468,7595,東証1部,(株)アルゴグラフィックス,ＣＡＤシステム販売、保守サービス主柱、自動車向け半分。ＣＡＥ育成中。ＳＣＳＫと資本提携,11:07,"3,200"
469,7844,東証1部,(株)マーベラス,コンテンツ活用し、ＤＶＤ、ゲーム等を企画・制作。アニメが原作の２・５次元舞台が拡大中,11:30,746
470,7849,東証JQS,スターツ出版(株),雑誌「オズマガジン」「メトロミニッツ」発行、「オズモール」や小説投稿サイト運営。スターツ系,09:18,"3,475"
471,7860,東証1部,エイベックス(株),ダンス系音楽で成長。ライブ、イベントなど非ＣＤ分野を強化。アニメ製作や音楽・映像配信も,11:30,"1,682"
472,8056,東証1部,日本ユニシス(株),ＳＩ大手。１２年から大日本印刷の資本下に。金融中心に空運、流通など幅広い業種と取引,11:30,"3,220"
473,8096,東証1部,兼松エレクトロニクス(株),兼松傘下のＩＴベンダー。仮想化ビジネスを中心にＩＴインフラの構築、保守、運用を手がける,11:29,"3,980"
474,8157,東証1部,都築電気(株),独立系。通信と情報システムが２本柱。サービス収入を拡大志向。大株主の麻生と連携へ,11:00,"1,810"
475,9360,東証2部,鈴与シンワート(株),鈴与グループ。物流とＳＩの２本柱。ＮＴＴデータ２次請け開発、パッケージソフト開発に強み,11:28,"1,299"
476,9399,東証,ビート・ホールディングス・リミテッド,,11:28,47
477,9401,東証1部,(株)ＴＢＳホールディングス,民放キー局の一角。放送と不動産が収益柱。視聴率は民放３位に浮上。傘下に雑貨店「プラザ」,11:30,"1,753"
478,9402,名証1部,中部日本放送(株),東海３県がエリアでＴＢＳ系列の一角。中日新聞色。ラジオ兼営で民間ラジオでは最古参,10:07,540
479,9404,東証1部,日本テレビホールディングス(株),読売グループでテレビ放送草分け。視聴率首位継続。動画配信「Ｈｕｌｕ」、スポーツジムも展開,11:30,"1,192"
480,9405,東証1部,朝日放送グループホールディングス(株),大阪地盤の民放でテレ朝系列。「探偵！ナイトスクープ」など自社番組も制作。住宅展示場大手,11:13,700
481,9407,福証,(株)ＲＫＢ毎日ホールディングス,九州北部地盤でラジオ・テレビ兼営。ＴＢＳ系列。毎日放送・毎日新聞色。独自番組に定評,12/07,"6,000"
482,9408,東証JQS,(株)新潟放送,新潟県下でラジオ・テレビを兼営するＴＢＳ系列局。放送と情報処理サービスの２本柱を展開,09:00,"1,307"
483,9409,東証1部,(株)テレビ朝日ホールディングス,朝日新聞社系、視聴率は民放キー局２位。高齢者層に強い。ネット放送局「アベマ」も展開,11:30,"1,479"
484,9412,東証1部,(株)スカパーＪＳＡＴホールディングス,アジア最大の通信衛星サービスとＣＳで有料多チャンネル放送「スカパー！」事業の２本柱,11:30,426
485,9413,東証1部,(株)テレビ東京ホールディングス,民放キー局５位。日本経済新聞社系で経済番組に特徴。アニメ関連やドラマ配信収入が拡大中,11:30,"2,062"
486,9414,東証1部,日本ＢＳ放送(株),ビックカメラ傘下の無料ＢＳ放送局。アニメや韓国ドラマ、競馬、通販に強み。傘下に出版社も,11:23,"1,104"
487,9416,東証1部,(株)ビジョン,安定事業のＷｅｂマーケティング支援と成長事業のＷｉ−Ｆｉルーターレンタルの２本柱,11:30,"1,306"
488,9417,東証1部,(株)スマートバリュー,クラウドソリューションの運転情報管理や自治体情報が主力。テレマティクスサービスも注力,11:26,475
489,9418,東証1部,(株)ＵＳＥＮ−ＮＥＸＴ　ＨＯＬＤＩＮＧＳ,旧母体ＵＳＥＮが傘下の持株会社。店舗・施設向け音楽サービス、動画配信、格安スマホ等提供,11:30,"3,040"
490,9419,東証1部,(株)ワイヤレスゲート,他社インフラ借りて公衆無線ＬＡＮ、ＷｉＭＡＸサービス展開。ヨドバシで販売、従業員少ない,11:25,331
491,9421,東証JQS,(株)エヌジェイホールディングス,ゲームの受託運営や開発が主力。ａｕや併売店中心の携帯ショップや、人材派遣も手がける,09:28,830
492,9422,東証1部,コネクシオ(株),国内２位の携帯販社。パナソニック系を吸収し国内首位のドコモ販売店に。配当性向４０％メド,11:30,"1,439"
493,9423,東証JQS,(株)ＦＲＳ,フォーバル傘下。企業のオフィス移転支援が主。ＯＡ機器販売、ネットワーク構築や内装工事も,11:30,99
494,9424,東証1部,日本通信(株),仮想移動体通信事業者（ＭＶＮＯ）の先駆。ソフトバンクとの相互接続を１７年開始。ＭＶＮＥも,11:30,209
495,9425,東証JQS,日本テレホン(株),東京、大阪で携帯販売店経営。成長見込める中古販売にシフト中、法人向け主軸だが個人向けも,11:27,424
496,9428,東証1部,(株)クロップス,東海地盤の携帯電話販売会社。「ａｕ」専売。飲食店舗賃貸子会社テンポイノベーション稼ぎ大,10:30,"1,043"
497,9432,東証1部,日本電信電話(株),ＮＴＴグループ持株会社。ドコモ主力。固定電話独占、光回線高シェア。海外開拓・提携に注力,11:30,"3,104"
498,9433,東証1部,ＫＤＤＩ(株),総合通信大手。携帯・光回線を展開。物販など非通信伸ばしライフデザイン企業への脱皮模索中,11:30,"3,353"
499,9434,東証1部,ソフトバンク(株),「ソフトバンク」「ワイモバイル」展開する通信会社。ヤフー、ＺＯＺＯなど買収で非通信を拡大,11:30,"1,495"
500,9435,東証1部,(株)光通信,継続課金品を提供。法人向け事務機・携帯から自社品に軸足シフト。宅配水が成長。四半期配当,11:30,"17,920"
501,9436,東証JQS,沖縄セルラー電話(株),ＫＤＤＩ傘下の総合通信会社。沖縄県では携帯シェア５割と圧倒的。固定通信と併せて顧客開拓,11:29,"5,100"
502,9438,東証1部,(株)エムティーアイ,「ｍｕｓｉｃ．ｊｐ」等コンテンツ配信が主。医療機関・自治体向けのヘルスケアＤＸを育成中,11:30,639
503,9441,東証JQS,(株)ベルパーク,ソフトバンク主体の携帯電話販売代理店。ＯＣモバイルの買収で３携帯会社のショップを運営,09:00,"8,030"
504,9444,東証JQS,(株)トーシンホールディングス,東海地盤に携帯電話販売代理店を展開。ａｕ、ソフトバンクが主力。不動産・ゴルフ場運営も,09:49,611
505,9445,東証2部,(株)フォーバルテレコム,中小企業向け通信料最適化・請求書一本化サービス展開。携帯電話強化。子会社で印刷、保険も,11:22,357
506,9446,東証JQS,(株)サカイホールディングス,東海・関東でソフトバンク携帯販売店展開。１７年持株会社。収益柱は太陽光発電で保険、葬祭も,11:13,606
507,9449,東証1部,ＧＭＯインターネット(株),上場子会社９社を持つ総合ネットグループ。インフラ、金融が中核。暗号資産、広告メディアも,11:30,"2,868"
508,9450,東証1部,(株)ファイバーゲート,賃貸物件オーナーや商業施設向けにＷｉ−Ｆｉサービス提供。法人に通信機器の製造・販売も,11:30,"1,146"
509,9466,東証1部,(株)アイドママーケティングコミュニケーション,流通企業への販売支援。マーケティング分析からプロモーション提案、チラシ制作まで一貫受注,10:40,312
510,9467,マザーズ,(株)アルファポリス,Ｗｅｂに投稿されたライトノベルから人気作選び編集、書籍化し出版。漫画が稼ぎ頭に成長,11:30,"3,840"
511,9468,東証1部,(株)ＫＡＤＯＫＡＷＡ,出版大手ＫＡＤＯＫＡＷＡと動画サイト運営のドワンゴが統合。電子書籍、アニメ等に注力,11:30,"5,700"
512,9470,東証1部,(株)学研ホールディングス,学習参考書や児童書でトップ。買収で塾、教室を全国展開。高齢者・介護支援住宅、保育園も拡大,11:30,"1,023"
513,9471,名証2部,(株)文溪堂,学習図書出版・教材の大手。小学生向け主力。利益は４月含む上期偏重。単独配当性向４０％忠実,09:00,"1,252"
514,9474,東証1部,(株)ゼンリン,地図情報断トツ。住宅地図を唯一全国展開。カーナビ、ネット配信強い。収益は期末偏重,11:20,996
515,9475,東証1部,(株)昭文社ホールディングス,「マップル」など地図出版首位級、ガイドブック大手。電子情報も。旅行先のレジャー予約に注力,10:42,488
516,9476,東証JQS,(株)中央経済社ホールディングス,経営実務が得意な総合出版社。会社法、会計、税務など専門書籍や雑誌を展開。編集プロ買収,12/07,587
517,9478,東証JQS,ＳＥホールディングス・アンド・インキュベーションズ(株),技術書出版の翔泳社のほかマーケティング支援、スマホコンテンツ作成、技術者派遣・研修も,11:26,258
518,9479,東証1部,(株)インプレスホールディングス,出版、ＩＴ双方に立脚、ネット関連出版の草分け。デジタルコンテンツ強化。傘下に山と渓谷社,11:30,227
519,9600,東証1部,(株)アイネット,ＤＣ（データセンター）規模は独立系上位。ＤＣ軸に情報処理・システム開発。宇宙関連事業強化,11:27,"1,399"
520,9601,東証1部,松竹(株),歌舞伎興行が発祥で映画に展開。映画興行中位。不動産賃貸が安定収益。１３年に歌舞伎座新開業,11:28,"11,330"
521,9602,東証1部,東宝(株),阪急系、発祥は映画興行。邦画配給、興行収入で断トツ。映画館跡地利用の不動産賃貸が下支え,11:30,"5,070"
522,9605,東証1部,東映(株),映画製作・興行収入中位。アニメ、実写戦隊物に強み。テレ朝と株式持ち合い、同局ドラマ制作も,10:01,"18,560"
523,9613,東証1部,(株)ＮＴＴデータ,ＮＴＴ傘下のＳＩ専業最大手。省庁、金融機関に強い。米デルのＩＴサービス会社を１６年買収,11:30,"2,401"
524,9629,東証1部,ピー・シー・エー(株),公認会計士の有志が設立した独立系ソフトハウス。会計や販売管理など業務用ソフトで先駆,11:30,"1,569"
525,9640,東証JQS,(株)セゾン情報システムズ,セゾン系。システム開発、情報処理手がける。ファイル転送ミドルウェア「ＨＵＬＦＴ」が収益柱,09:01,"1,919"
526,9651,東証JQS,日本プロセス(株),独立系システム開発会社。組み込み系、発電所向けの制御系が柱。自動車関連の開発が拡大,11:05,737
527,9658,東証1部,(株)ビジネスブレイン太田昭和,コンサルやシステム開発受託。会計システムに強み。情報セキュリティや医療向け事務代行も,11:20,"1,936"
528,9682,東証1部,(株)ＤＴＳ,情報サービス業大手。金融、通信向けソフト開発強い。オープン・Ｗｅｂ系の技術力強化。独立系,11:30,"2,565"
529,9684,東証1部,(株)スクウェア・エニックス・ホールディングス,エニックスとスクウェアが合併。「ドラクエ」「ＦＦ」軸にコンテンツ多面展開。タイトーも傘下,11:30,"5,930"
530,9685,東証JQS,ＫＹＣＯＭホールディングス(株),福井県発祥。システム開発は通信や公共に強み。アウトソーシング強化。レンタカー事業も,11:30,455
531,9687,東証JQS,(株)ＫＳＫ,独立系ソフトウェアの中堅。ＮＥＣグループ依存度は２割。ネットワークサービスの比重拡大,09:26,"2,254"
532,9691,東証JQS,(株)両毛システムズ,親会社ミツバの自動車部品製造システム中心に開発。情報処理の中堅。ＥＲＰ導入コンサルも,11:13,"1,785"
533,9692,東証1部,(株)シーイーシー,独立系ＳＩ。トヨタグループなど優良顧客の情報活用ツールに実績。組み込みソフト開発も強い,11:27,"1,291"
534,9697,東証1部,(株)カプコン,家庭用ゲームソフト開発大手。アクション系軸に人気作品多数。スマホ、ＳＮＳ向け開発積極化,11:30,"2,790"
535,9698,東証JQS,(株)クレオ,アマノ、ＺＨＤ系ソフト会社。受託開発とＥＲＰ販売が両輪。「筆まめ」売却し法人向けに特化,10:48,"1,114"
536,9702,東証1部,(株)アイ・エス・ビー,主力は通信制御ソフト。携帯基地局システムに強み。Ｗｉ−ＳＵＮ、セキュリティ等新分野育成,11:29,"1,020"
537,9709,東証2部,ＮＣＳ＆Ａ(株),ソフト開発の老舗。ＳＩ、アウトソーシングなど総合情報サービス展開。ＮＥＣ経由の請負多い,11:19,508
538,9717,東証1部,(株)ジャステック,システム開発・販売専業。一括請負を志向。金融や通信を中心に多方面に顧客を持つ。独立系,11:27,"1,055"
539,9719,東証1部,ＳＣＳＫ(株),ＩＴサービス大手。１１年に住商情報システムがＣＳＫを吸収。車載・ＡＩを戦略分野に位置づけ,11:30,"2,294"
